state,date,ML,Low_90,High_90
AMAZONAS,2020-04-09,3.0,1.01,6.99
AMAZONAS,2020-04-10,2.2800000000000002,0.88,4.57
AMAZONAS,2020-04-11,2.12,0.85,4.0600000000000005
AMAZONAS,2020-04-12,1.8800000000000001,0.77,3.58
AMAZONAS,2020-04-13,1.72,0.68,3.24
AMAZONAS,2020-04-14,1.69,0.67,3.14
AMAZONAS,2020-04-15,1.67,0.7000000000000001,3.1
AMAZONAS,2020-04-16,1.73,0.73,3.12
AMAZONAS,2020-04-17,1.77,0.78,3.14
AMAZONAS,2020-04-18,1.81,0.8200000000000001,3.13
AMAZONAS,2020-04-19,1.75,0.8,3.0
AMAZONAS,2020-04-20,1.6400000000000001,0.74,2.81
AMAZONAS,2020-04-21,1.55,0.67,2.64
AMAZONAS,2020-04-22,1.48,0.66,2.56
AMAZONAS,2020-04-23,1.47,0.65,2.52
AMAZONAS,2020-04-24,1.46,0.67,2.52
AMAZONAS,2020-04-25,1.5,0.7000000000000001,2.5500000000000003
AMAZONAS,2020-04-26,1.58,0.77,2.64
AMAZONAS,2020-04-27,1.6600000000000001,0.8200000000000001,2.68
AMAZONAS,2020-04-28,1.72,0.88,2.71
AMAZONAS,2020-04-29,1.71,0.9,2.67
AMAZONAS,2020-04-30,1.62,0.86,2.5500000000000003
AMAZONAS,2020-05-01,1.59,0.84,2.47
AMAZONAS,2020-05-02,1.56,0.8300000000000001,2.41
AMAZONAS,2020-05-03,1.5,0.77,2.29
AMAZONAS,2020-05-04,1.47,0.79,2.2800000000000002
AMAZONAS,2020-05-05,1.49,0.79,2.25
AMAZONAS,2020-05-06,1.46,0.8,2.23
AMAZONAS,2020-05-07,1.47,0.79,2.19
AMAZONAS,2020-05-08,1.48,0.84,2.22
AMAZONAS,2020-05-09,1.48,0.85,2.2
AMAZONAS,2020-05-10,1.46,0.85,2.17
AMAZONAS,2020-05-11,1.42,0.8200000000000001,2.1
AMAZONAS,2020-05-12,1.3800000000000001,0.79,2.04
AMAZONAS,2020-05-13,1.33,0.76,1.98
AMAZONAS,2020-05-14,1.32,0.74,1.94
ANCASH,2020-03-28,3.0,1.01,6.99
ANCASH,2020-03-29,2.87,0.99,6.25
ANCASH,2020-03-30,2.77,1.01,5.83
ANCASH,2020-03-31,3.0,1.12,5.96
ANCASH,2020-04-01,2.81,1.11,5.42
ANCASH,2020-04-02,2.67,1.05,5.0
ANCASH,2020-04-03,2.5500000000000003,1.04,4.73
ANCASH,2020-04-04,2.46,0.99,4.47
ANCASH,2020-04-05,2.5500000000000003,1.06,4.49
ANCASH,2020-04-06,2.59,1.16,4.47
ANCASH,2020-04-07,2.74,1.3,4.51
ANCASH,2020-04-08,2.7800000000000002,1.4000000000000001,4.41
ANCASH,2020-04-09,2.75,1.44,4.21
ANCASH,2020-04-10,2.58,1.4000000000000001,3.92
ANCASH,2020-04-11,2.44,1.36,3.68
ANCASH,2020-04-12,2.33,1.32,3.47
ANCASH,2020-04-13,2.23,1.3,3.31
ANCASH,2020-04-14,2.15,1.24,3.12
ANCASH,2020-04-15,2.08,1.25,3.0300000000000002
ANCASH,2020-04-16,2.05,1.26,2.95
ANCASH,2020-04-17,2.09,1.33,2.94
ANCASH,2020-04-18,2.04,1.29,2.8000000000000003
ANCASH,2020-04-19,2.04,1.34,2.77
ANCASH,2020-04-20,2.0,1.34,2.69
ANCASH,2020-04-21,1.92,1.32,2.6
ANCASH,2020-04-22,1.79,1.21,2.42
ANCASH,2020-04-23,1.77,1.21,2.37
ANCASH,2020-04-24,1.72,1.19,2.3000000000000003
ANCASH,2020-04-25,1.74,1.23,2.3000000000000003
ANCASH,2020-04-26,1.75,1.24,2.2600000000000002
ANCASH,2020-04-27,1.74,1.27,2.25
ANCASH,2020-04-28,1.7,1.26,2.2
ANCASH,2020-04-29,1.71,1.28,2.18
ANCASH,2020-04-30,1.7,1.28,2.14
ANCASH,2020-05-01,1.75,1.36,2.19
ANCASH,2020-05-02,1.73,1.35,2.14
ANCASH,2020-05-03,1.71,1.34,2.09
ANCASH,2020-05-04,1.67,1.32,2.04
ANCASH,2020-05-05,1.61,1.27,1.96
ANCASH,2020-05-06,1.56,1.24,1.9100000000000001
ANCASH,2020-05-07,1.52,1.22,1.87
ANCASH,2020-05-08,1.46,1.17,1.8
ANCASH,2020-05-09,1.4000000000000001,1.11,1.72
ANCASH,2020-05-10,1.32,1.04,1.6400000000000001
ANCASH,2020-05-11,1.27,0.99,1.58
ANCASH,2020-05-12,1.24,0.96,1.54
ANCASH,2020-05-13,1.22,0.9400000000000001,1.51
ANCASH,2020-05-14,1.21,0.9500000000000001,1.52
APURIMAC,2020-04-10,3.0,1.01,6.99
APURIMAC,2020-04-11,2.87,0.99,6.25
APURIMAC,2020-04-12,2.77,1.01,5.83
APURIMAC,2020-04-13,3.0,1.12,5.96
APURIMAC,2020-04-14,3.11,1.25,5.8100000000000005
APURIMAC,2020-04-15,3.09,1.32,5.48
APURIMAC,2020-04-16,3.0100000000000002,1.33,5.09
APURIMAC,2020-04-17,2.72,1.25,4.58
APURIMAC,2020-04-18,2.52,1.1500000000000001,4.18
APURIMAC,2020-04-19,2.2600000000000002,1.05,3.81
APURIMAC,2020-04-20,2.17,1.03,3.66
APURIMAC,2020-04-21,2.1,0.96,3.47
APURIMAC,2020-04-22,1.96,0.92,3.3000000000000003
APURIMAC,2020-04-23,2.0,0.92,3.27
APURIMAC,2020-04-24,2.0300000000000002,0.98,3.29
APURIMAC,2020-04-25,1.98,0.98,3.21
APURIMAC,2020-04-26,1.92,0.9500000000000001,3.1
APURIMAC,2020-04-27,1.82,0.9,2.96
APURIMAC,2020-04-28,1.79,0.88,2.89
APURIMAC,2020-04-29,1.76,0.89,2.86
APURIMAC,2020-04-30,1.74,0.88,2.81
APURIMAC,2020-05-01,1.77,0.9,2.81
APURIMAC,2020-05-02,1.74,0.87,2.73
APURIMAC,2020-05-03,1.76,0.92,2.7600000000000002
APURIMAC,2020-05-04,1.73,0.89,2.68
APURIMAC,2020-05-05,1.7,0.89,2.64
APURIMAC,2020-05-06,1.67,0.88,2.59
APURIMAC,2020-05-07,1.61,0.8300000000000001,2.49
APURIMAC,2020-05-08,1.55,0.79,2.41
APURIMAC,2020-05-09,1.47,0.75,2.33
APURIMAC,2020-05-10,1.43,0.73,2.29
APURIMAC,2020-05-11,1.43,0.71,2.2600000000000002
APURIMAC,2020-05-12,1.42,0.73,2.2800000000000002
APURIMAC,2020-05-13,1.42,0.7000000000000001,2.24
APURIMAC,2020-05-14,1.42,0.72,2.2600000000000002
AREQUIPA,2020-03-20,3.0,1.01,6.99
AREQUIPA,2020-03-21,2.87,0.99,6.25
AREQUIPA,2020-03-22,2.77,1.01,5.83
AREQUIPA,2020-03-23,2.69,0.98,5.48
AREQUIPA,2020-03-24,2.9,1.09,5.63
AREQUIPA,2020-03-25,2.73,1.04,5.15
AREQUIPA,2020-03-26,2.61,1.04,4.8500000000000005
AREQUIPA,2020-03-27,2.5,1.02,4.6000000000000005
AREQUIPA,2020-03-28,2.42,1.02,4.42
AREQUIPA,2020-03-29,2.34,0.97,4.21
AREQUIPA,2020-03-30,2.2800000000000002,0.9500000000000001,4.0600000000000005
AREQUIPA,2020-03-31,2.37,1.03,4.12
AREQUIPA,2020-04-01,2.2800000000000002,1.02,3.96
AREQUIPA,2020-04-02,2.33,1.08,3.96
AREQUIPA,2020-04-03,2.23,1.01,3.73
AREQUIPA,2020-04-04,2.2600000000000002,1.09,3.74
AREQUIPA,2020-04-05,2.2600000000000002,1.12,3.67
AREQUIPA,2020-04-06,2.24,1.1300000000000001,3.5700000000000003
AREQUIPA,2020-04-07,2.22,1.16,3.49
AREQUIPA,2020-04-08,2.04,1.04,3.21
AREQUIPA,2020-04-09,1.97,1.03,3.11
AREQUIPA,2020-04-10,1.8,0.92,2.88
AREQUIPA,2020-04-11,1.76,0.9,2.81
AREQUIPA,2020-04-12,1.69,0.86,2.71
AREQUIPA,2020-04-13,1.67,0.8300000000000001,2.64
AREQUIPA,2020-04-14,1.69,0.87,2.67
AREQUIPA,2020-04-15,1.72,0.91,2.69
AREQUIPA,2020-04-16,1.78,0.9500000000000001,2.71
AREQUIPA,2020-04-17,1.95,1.1300000000000001,2.89
AREQUIPA,2020-04-18,2.07,1.23,2.93
AREQUIPA,2020-04-19,2.21,1.44,3.0700000000000003
AREQUIPA,2020-04-20,2.19,1.46,2.98
AREQUIPA,2020-04-21,2.07,1.3900000000000001,2.81
AREQUIPA,2020-04-22,1.8800000000000001,1.24,2.57
AREQUIPA,2020-04-23,1.78,1.19,2.46
AREQUIPA,2020-04-24,1.7,1.12,2.33
AREQUIPA,2020-04-25,1.76,1.2,2.37
AREQUIPA,2020-04-26,1.79,1.26,2.39
AREQUIPA,2020-04-27,1.8,1.29,2.37
AREQUIPA,2020-04-28,1.76,1.27,2.3000000000000003
AREQUIPA,2020-04-29,1.7,1.21,2.19
AREQUIPA,2020-04-30,1.62,1.18,2.13
AREQUIPA,2020-05-01,1.57,1.12,2.0300000000000002
AREQUIPA,2020-05-02,1.48,1.04,1.92
AREQUIPA,2020-05-03,1.47,1.05,1.9100000000000001
AREQUIPA,2020-05-04,1.43,1.03,1.87
AREQUIPA,2020-05-05,1.4000000000000001,1.01,1.83
AREQUIPA,2020-05-06,1.3800000000000001,0.98,1.78
AREQUIPA,2020-05-07,1.3800000000000001,1.01,1.8
AREQUIPA,2020-05-08,1.44,1.06,1.83
AREQUIPA,2020-05-09,1.47,1.09,1.84
AREQUIPA,2020-05-10,1.53,1.17,1.9000000000000001
AREQUIPA,2020-05-11,1.58,1.24,1.95
AREQUIPA,2020-05-12,1.6,1.26,1.94
AREQUIPA,2020-05-13,1.6,1.28,1.94
AREQUIPA,2020-05-14,1.58,1.26,1.8900000000000001
AYACUCHO,2020-04-05,3.0,1.01,6.99
AYACUCHO,2020-04-06,2.87,0.99,6.25
AYACUCHO,2020-04-07,2.77,1.01,5.83
AYACUCHO,2020-04-08,2.69,0.98,5.48
AYACUCHO,2020-04-09,2.61,0.99,5.25
AYACUCHO,2020-04-10,2.5500000000000003,0.96,5.0200000000000005
AYACUCHO,2020-04-11,2.73,1.04,5.15
AYACUCHO,2020-04-12,2.61,1.04,4.8500000000000005
AYACUCHO,2020-04-13,2.5,1.02,4.6000000000000005
AYACUCHO,2020-04-14,2.42,1.02,4.42
AYACUCHO,2020-04-15,2.5100000000000002,1.05,4.4
AYACUCHO,2020-04-16,2.4,1.05,4.2
AYACUCHO,2020-04-17,2.31,1.04,4.03
AYACUCHO,2020-04-18,2.23,1.0,3.85
AYACUCHO,2020-04-19,2.16,0.9500000000000001,3.68
AYACUCHO,2020-04-20,2.11,0.9400000000000001,3.5700000000000003
AYACUCHO,2020-04-21,2.06,0.9500000000000001,3.5
AYACUCHO,2020-04-22,1.92,0.87,3.29
AYACUCHO,2020-04-23,1.9000000000000001,0.88,3.2600000000000002
AYACUCHO,2020-04-24,1.8800000000000001,0.84,3.17
AYACUCHO,2020-04-25,1.93,0.91,3.25
AYACUCHO,2020-04-26,2.06,0.99,3.34
AYACUCHO,2020-04-27,2.07,1.03,3.3200000000000003
AYACUCHO,2020-04-28,2.15,1.11,3.35
AYACUCHO,2020-04-29,2.12,1.11,3.25
AYACUCHO,2020-04-30,2.09,1.1400000000000001,3.19
AYACUCHO,2020-05-01,2.1,1.19,3.16
AYACUCHO,2020-05-02,2.0,1.1400000000000001,3.0
AYACUCHO,2020-05-03,2.0100000000000002,1.1500000000000001,2.93
AYACUCHO,2020-05-04,1.96,1.16,2.86
AYACUCHO,2020-05-05,1.92,1.1300000000000001,2.75
AYACUCHO,2020-05-06,1.84,1.12,2.67
AYACUCHO,2020-05-07,1.75,1.05,2.5300000000000002
AYACUCHO,2020-05-08,1.73,1.05,2.48
AYACUCHO,2020-05-09,1.69,1.03,2.41
AYACUCHO,2020-05-10,1.6500000000000001,1.02,2.36
AYACUCHO,2020-05-11,1.61,1.0,2.3000000000000003
AYACUCHO,2020-05-12,1.56,0.96,2.22
AYACUCHO,2020-05-13,1.49,0.9,2.12
AYACUCHO,2020-05-14,1.43,0.85,2.04
CAJAMARCA,2020-04-02,3.0,1.01,6.99
CAJAMARCA,2020-04-03,2.87,0.99,6.25
CAJAMARCA,2020-04-04,2.77,1.01,5.83
CAJAMARCA,2020-04-05,2.69,0.98,5.48
CAJAMARCA,2020-04-06,2.61,0.99,5.25
CAJAMARCA,2020-04-07,2.5500000000000003,0.96,5.0200000000000005
CAJAMARCA,2020-04-08,2.49,0.97,4.87
CAJAMARCA,2020-04-09,2.44,0.97,4.73
CAJAMARCA,2020-04-10,2.4,0.96,4.6000000000000005
CAJAMARCA,2020-04-11,2.35,0.9500000000000001,4.48
CAJAMARCA,2020-04-12,2.32,0.92,4.3500000000000005
CAJAMARCA,2020-04-13,2.2800000000000002,0.9400000000000001,4.29
CAJAMARCA,2020-04-14,2.42,1.02,4.42
CAJAMARCA,2020-04-15,2.5100000000000002,1.04,4.39
CAJAMARCA,2020-04-16,2.72,1.25,4.58
CAJAMARCA,2020-04-17,2.81,1.3800000000000001,4.54
CAJAMARCA,2020-04-18,2.68,1.33,4.21
CAJAMARCA,2020-04-19,2.56,1.32,3.97
CAJAMARCA,2020-04-20,2.36,1.24,3.67
CAJAMARCA,2020-04-21,2.15,1.11,3.35
CAJAMARCA,2020-04-22,1.99,1.02,3.12
CAJAMARCA,2020-04-23,1.93,1.01,3.0300000000000002
CAJAMARCA,2020-04-24,1.98,1.08,3.06
CAJAMARCA,2020-04-25,2.02,1.1300000000000001,3.0500000000000003
CAJAMARCA,2020-04-26,1.98,1.1,2.93
CAJAMARCA,2020-04-27,1.95,1.1300000000000001,2.89
CAJAMARCA,2020-04-28,1.87,1.1,2.7800000000000002
CAJAMARCA,2020-04-29,1.85,1.07,2.68
CAJAMARCA,2020-04-30,1.82,1.08,2.63
CAJAMARCA,2020-05-01,1.82,1.11,2.61
CAJAMARCA,2020-05-02,1.85,1.17,2.62
CAJAMARCA,2020-05-03,1.8900000000000001,1.22,2.61
CAJAMARCA,2020-05-04,1.83,1.21,2.54
CAJAMARCA,2020-05-05,1.77,1.17,2.44
CAJAMARCA,2020-05-06,1.6500000000000001,1.06,2.27
CAJAMARCA,2020-05-07,1.57,1.01,2.18
CAJAMARCA,2020-05-08,1.49,0.93,2.06
CAJAMARCA,2020-05-09,1.44,0.92,2.0300000000000002
CAJAMARCA,2020-05-10,1.3900000000000001,0.86,1.94
CAJAMARCA,2020-05-11,1.3800000000000001,0.88,1.95
CAJAMARCA,2020-05-12,1.35,0.85,1.9000000000000001
CAJAMARCA,2020-05-13,1.33,0.85,1.8900000000000001
CAJAMARCA,2020-05-14,1.32,0.81,1.83
CALLAO,2020-03-16,3.0,1.01,6.99
CALLAO,2020-03-17,2.87,0.99,6.25
CALLAO,2020-03-18,2.77,1.01,5.83
CALLAO,2020-03-19,2.69,0.98,5.48
CALLAO,2020-03-20,2.61,0.99,5.25
CALLAO,2020-03-21,2.5500000000000003,0.96,5.0200000000000005
CALLAO,2020-03-22,2.49,0.97,4.87
CALLAO,2020-03-23,2.44,0.97,4.73
CALLAO,2020-03-24,2.4,0.96,4.6000000000000005
CALLAO,2020-03-25,2.5500000000000003,1.04,4.73
CALLAO,2020-03-26,2.46,0.99,4.47
CALLAO,2020-03-27,2.5500000000000003,1.05,4.48
CALLAO,2020-03-28,2.43,1.04,4.25
CALLAO,2020-03-29,2.48,1.12,4.24
CALLAO,2020-03-30,2.36,1.08,4.0
CALLAO,2020-03-31,2.2600000000000002,1.05,3.81
CALLAO,2020-04-01,2.39,1.1300000000000001,3.85
CALLAO,2020-04-02,2.36,1.1400000000000001,3.72
CALLAO,2020-04-03,2.4,1.24,3.71
CALLAO,2020-04-04,2.48,1.36,3.71
CALLAO,2020-04-05,2.63,1.58,3.8000000000000003
CALLAO,2020-04-06,3.16,2.18,4.22
CALLAO,2020-04-07,3.4,2.5500000000000003,4.3100000000000005
CALLAO,2020-04-08,3.3200000000000003,2.6,4.1
CALLAO,2020-04-09,3.0700000000000003,2.43,3.72
CALLAO,2020-04-10,2.66,2.09,3.23
CALLAO,2020-04-11,2.4,1.9100000000000001,2.95
CALLAO,2020-04-12,2.24,1.78,2.73
CALLAO,2020-04-13,2.07,1.6400000000000001,2.52
CALLAO,2020-04-14,1.98,1.59,2.42
CALLAO,2020-04-15,1.87,1.5,2.2800000000000002
CALLAO,2020-04-16,1.75,1.4000000000000001,2.14
CALLAO,2020-04-17,1.6300000000000001,1.3,2.0100000000000002
CALLAO,2020-04-18,1.53,1.2,1.8800000000000001
CALLAO,2020-04-19,1.47,1.1500000000000001,1.81
CALLAO,2020-04-20,1.44,1.12,1.76
CALLAO,2020-04-21,1.42,1.12,1.75
CALLAO,2020-04-22,1.4000000000000001,1.1,1.71
CALLAO,2020-04-23,1.6400000000000001,1.35,1.94
CALLAO,2020-04-24,1.82,1.54,2.1
CALLAO,2020-04-25,1.93,1.68,2.21
CALLAO,2020-04-26,1.94,1.71,2.21
CALLAO,2020-04-27,1.83,1.61,2.08
CALLAO,2020-04-28,1.6600000000000001,1.45,1.9000000000000001
CALLAO,2020-04-29,1.54,1.33,1.76
CALLAO,2020-04-30,1.3900000000000001,1.19,1.61
CALLAO,2020-05-01,1.4000000000000001,1.2,1.61
CALLAO,2020-05-02,1.3900000000000001,1.2,1.6
CALLAO,2020-05-03,1.3800000000000001,1.19,1.58
CALLAO,2020-05-04,1.37,1.18,1.56
CALLAO,2020-05-05,1.37,1.18,1.55
CALLAO,2020-05-06,1.36,1.19,1.56
CALLAO,2020-05-07,1.37,1.2,1.56
CALLAO,2020-05-08,1.35,1.18,1.53
CALLAO,2020-05-09,1.33,1.16,1.5
CALLAO,2020-05-10,1.28,1.12,1.46
CALLAO,2020-05-11,1.25,1.09,1.42
CALLAO,2020-05-12,1.22,1.06,1.3900000000000001
CALLAO,2020-05-13,1.21,1.04,1.36
CALLAO,2020-05-14,1.21,1.06,1.3800000000000001
CUSCO,2020-03-19,3.0,1.01,6.99
CUSCO,2020-03-20,2.87,0.99,6.25
CUSCO,2020-03-21,2.77,1.01,5.83
CUSCO,2020-03-22,2.69,0.98,5.48
CUSCO,2020-03-23,2.61,0.99,5.25
CUSCO,2020-03-24,2.5500000000000003,0.96,5.0200000000000005
CUSCO,2020-03-25,2.49,0.97,4.87
CUSCO,2020-03-26,2.44,0.97,4.73
CUSCO,2020-03-27,2.4,0.96,4.6000000000000005
CUSCO,2020-03-28,2.5500000000000003,1.04,4.73
CUSCO,2020-03-29,2.65,1.12,4.74
CUSCO,2020-03-30,2.69,1.17,4.63
CUSCO,2020-03-31,2.67,1.22,4.48
CUSCO,2020-04-01,2.49,1.12,4.1
CUSCO,2020-04-02,2.35,1.11,3.89
CUSCO,2020-04-03,2.24,1.08,3.7
CUSCO,2020-04-04,2.15,1.02,3.5
CUSCO,2020-04-05,1.99,0.97,3.31
CUSCO,2020-04-06,1.87,0.9,3.13
CUSCO,2020-04-07,1.77,0.8,2.94
CUSCO,2020-04-08,1.69,0.77,2.85
CUSCO,2020-04-09,1.69,0.78,2.85
CUSCO,2020-04-10,1.68,0.79,2.85
CUSCO,2020-04-11,1.67,0.75,2.79
CUSCO,2020-04-12,1.86,0.89,3.0100000000000002
CUSCO,2020-04-13,2.02,1.02,3.16
CUSCO,2020-04-14,2.14,1.16,3.27
CUSCO,2020-04-15,2.09,1.17,3.18
CUSCO,2020-04-16,2.0,1.12,3.02
CUSCO,2020-04-17,1.83,1.01,2.8000000000000003
CUSCO,2020-04-18,1.7,0.88,2.58
CUSCO,2020-04-19,1.59,0.84,2.48
CUSCO,2020-04-20,1.58,0.81,2.42
CUSCO,2020-04-21,1.6,0.86,2.46
CUSCO,2020-04-22,1.61,0.87,2.45
CUSCO,2020-04-23,1.59,0.87,2.42
CUSCO,2020-04-24,1.6,0.9,2.43
CUSCO,2020-04-25,1.61,0.9,2.4
CUSCO,2020-04-26,1.62,0.9400000000000001,2.42
CUSCO,2020-04-27,1.56,0.87,2.3000000000000003
CUSCO,2020-04-28,1.52,0.86,2.2600000000000002
CUSCO,2020-04-29,1.5,0.87,2.25
CUSCO,2020-04-30,1.46,0.8300000000000001,2.18
CUSCO,2020-05-01,1.42,0.8200000000000001,2.15
CUSCO,2020-05-02,1.41,0.8,2.11
CUSCO,2020-05-03,1.41,0.81,2.11
CUSCO,2020-05-04,1.42,0.8200000000000001,2.11
CUSCO,2020-05-05,1.46,0.85,2.13
CUSCO,2020-05-06,1.53,0.91,2.18
CUSCO,2020-05-07,1.6400000000000001,1.04,2.3000000000000003
CUSCO,2020-05-08,1.74,1.1500000000000001,2.38
CUSCO,2020-05-09,1.76,1.17,2.35
CUSCO,2020-05-10,1.72,1.18,2.32
CUSCO,2020-05-11,1.68,1.1500000000000001,2.24
CUSCO,2020-05-12,1.6300000000000001,1.12,2.17
CUSCO,2020-05-13,1.59,1.11,2.13
CUSCO,2020-05-14,1.59,1.1,2.08
HUANCAVELICA,2020-04-05,3.0,1.01,6.99
HUANCAVELICA,2020-04-06,2.87,0.99,6.25
HUANCAVELICA,2020-04-07,2.77,1.01,5.83
HUANCAVELICA,2020-04-08,2.69,0.98,5.48
HUANCAVELICA,2020-04-09,2.61,0.99,5.25
HUANCAVELICA,2020-04-10,2.5500000000000003,0.96,5.0200000000000005
HUANCAVELICA,2020-04-11,2.49,0.97,4.87
HUANCAVELICA,2020-04-12,2.44,0.97,4.73
HUANCAVELICA,2020-04-13,2.4,0.96,4.6000000000000005
HUANCAVELICA,2020-04-14,2.35,0.9500000000000001,4.48
HUANCAVELICA,2020-04-15,2.32,0.92,4.3500000000000005
HUANCAVELICA,2020-04-16,2.2800000000000002,0.9400000000000001,4.29
HUANCAVELICA,2020-04-17,2.42,1.02,4.42
HUANCAVELICA,2020-04-18,2.34,0.97,4.21
HUANCAVELICA,2020-04-19,2.2800000000000002,0.9400000000000001,4.05
HUANCAVELICA,2020-04-20,2.22,0.9400000000000001,3.94
HUANCAVELICA,2020-04-21,2.18,0.91,3.81
HUANCAVELICA,2020-04-22,2.0100000000000002,0.86,3.6
HUANCAVELICA,2020-04-23,2.11,0.93,3.71
HUANCAVELICA,2020-04-24,2.19,0.98,3.75
HUANCAVELICA,2020-04-25,2.35,1.11,3.89
HUANCAVELICA,2020-04-26,2.34,1.1300000000000001,3.79
HUANCAVELICA,2020-04-27,2.41,1.24,3.81
HUANCAVELICA,2020-04-28,2.43,1.28,3.71
HUANCAVELICA,2020-04-29,2.41,1.32,3.6
HUANCAVELICA,2020-04-30,2.37,1.33,3.46
HUANCAVELICA,2020-05-01,2.48,1.51,3.52
HUANCAVELICA,2020-05-02,2.41,1.5,3.35
HUANCAVELICA,2020-05-03,2.29,1.47,3.18
HUANCAVELICA,2020-05-04,2.09,1.32,2.9
HUANCAVELICA,2020-05-05,1.83,1.1400000000000001,2.62
HUANCAVELICA,2020-05-06,1.6,0.9400000000000001,2.33
HUANCAVELICA,2020-05-07,1.45,0.84,2.18
HUANCAVELICA,2020-05-08,1.35,0.75,2.05
HUANCAVELICA,2020-05-09,1.37,0.77,2.07
HUANCAVELICA,2020-05-10,1.3800000000000001,0.78,2.07
HUANCAVELICA,2020-05-11,1.4000000000000001,0.81,2.1
HUANCAVELICA,2020-05-12,1.41,0.8200000000000001,2.1
HUANCAVELICA,2020-05-13,1.41,0.81,2.07
HUANCAVELICA,2020-05-14,1.4000000000000001,0.8200000000000001,2.07
HUANUCO,2020-04-09,3.0,1.01,6.99
HUANUCO,2020-04-10,2.87,0.99,6.25
HUANUCO,2020-04-11,2.77,1.01,5.83
HUANUCO,2020-04-12,2.69,0.98,5.48
HUANUCO,2020-04-13,3.23,1.29,6.13
HUANUCO,2020-04-14,3.5,1.51,6.03
HUANUCO,2020-04-15,3.23,1.48,5.3500000000000005
HUANUCO,2020-04-16,3.18,1.57,5.04
HUANUCO,2020-04-17,3.06,1.61,4.7
HUANUCO,2020-04-18,2.69,1.43,4.14
HUANUCO,2020-04-19,2.54,1.34,3.81
HUANUCO,2020-04-20,2.34,1.29,3.56
HUANUCO,2020-04-21,2.19,1.21,3.3200000000000003
HUANUCO,2020-04-22,2.02,1.1,3.0700000000000003
HUANUCO,2020-04-23,1.99,1.11,3.0
HUANUCO,2020-04-24,1.96,1.11,2.92
HUANUCO,2020-04-25,1.93,1.12,2.86
HUANUCO,2020-04-26,1.86,1.08,2.74
HUANUCO,2020-04-27,1.69,0.9500000000000001,2.52
HUANUCO,2020-04-28,1.6300000000000001,0.91,2.43
HUANUCO,2020-04-29,1.57,0.88,2.36
HUANUCO,2020-04-30,1.58,0.91,2.37
HUANUCO,2020-05-01,1.6400000000000001,0.96,2.4
HUANUCO,2020-05-02,1.69,1.04,2.46
HUANUCO,2020-05-03,1.6500000000000001,1.01,2.38
HUANUCO,2020-05-04,1.57,0.93,2.25
HUANUCO,2020-05-05,1.52,0.92,2.21
HUANUCO,2020-05-06,1.52,0.9,2.16
HUANUCO,2020-05-07,1.52,0.9400000000000001,2.18
HUANUCO,2020-05-08,1.54,0.97,2.19
HUANUCO,2020-05-09,1.52,0.96,2.15
HUANUCO,2020-05-10,1.44,0.9,2.06
HUANUCO,2020-05-11,1.3900000000000001,0.85,1.98
HUANUCO,2020-05-12,1.33,0.81,1.92
HUANUCO,2020-05-13,1.31,0.8,1.9000000000000001
HUANUCO,2020-05-14,1.33,0.81,1.9000000000000001
ICA,2020-03-28,3.0,1.01,6.99
ICA,2020-03-29,2.87,0.99,6.25
ICA,2020-03-30,2.77,1.01,5.83
ICA,2020-03-31,2.69,0.98,5.48
ICA,2020-04-01,2.61,0.99,5.25
ICA,2020-04-02,2.5500000000000003,0.96,5.0200000000000005
ICA,2020-04-03,2.49,0.97,4.87
ICA,2020-04-04,2.67,1.05,5.0
ICA,2020-04-05,2.5500000000000003,1.04,4.73
ICA,2020-04-06,2.65,1.12,4.74
ICA,2020-04-07,2.69,1.17,4.63
ICA,2020-04-08,2.67,1.22,4.48
ICA,2020-04-09,2.49,1.1300000000000001,4.11
ICA,2020-04-10,2.47,1.19,4.0200000000000005
ICA,2020-04-11,2.32,1.1300000000000001,3.7600000000000002
ICA,2020-04-12,2.3000000000000003,1.16,3.67
ICA,2020-04-13,2.34,1.23,3.64
ICA,2020-04-14,2.35,1.26,3.54
ICA,2020-04-15,2.27,1.27,3.41
ICA,2020-04-16,2.19,1.25,3.2600000000000002
ICA,2020-04-17,2.07,1.16,3.04
ICA,2020-04-18,1.93,1.07,2.84
ICA,2020-04-19,1.9000000000000001,1.07,2.77
ICA,2020-04-20,1.9100000000000001,1.11,2.75
ICA,2020-04-21,2.0100000000000002,1.25,2.84
ICA,2020-04-22,2.0,1.27,2.7800000000000002
ICA,2020-04-23,1.93,1.24,2.67
ICA,2020-04-24,1.8,1.16,2.52
ICA,2020-04-25,1.76,1.1400000000000001,2.44
ICA,2020-04-26,1.6600000000000001,1.08,2.33
ICA,2020-04-27,1.7,1.12,2.33
ICA,2020-04-28,1.85,1.28,2.45
ICA,2020-04-29,1.96,1.43,2.5500000000000003
ICA,2020-04-30,1.96,1.44,2.49
ICA,2020-05-01,1.93,1.44,2.43
ICA,2020-05-02,1.79,1.34,2.2800000000000002
ICA,2020-05-03,1.6400000000000001,1.22,2.12
ICA,2020-05-04,1.5,1.09,1.96
ICA,2020-05-05,1.45,1.05,1.8900000000000001
ICA,2020-05-06,1.46,1.06,1.8800000000000001
ICA,2020-05-07,1.49,1.11,1.9100000000000001
ICA,2020-05-08,1.52,1.1400000000000001,1.92
ICA,2020-05-09,1.51,1.1500000000000001,1.9100000000000001
ICA,2020-05-10,1.5,1.1400000000000001,1.87
ICA,2020-05-11,1.5,1.1500000000000001,1.86
ICA,2020-05-12,1.47,1.1400000000000001,1.83
ICA,2020-05-13,1.51,1.18,1.85
ICA,2020-05-14,1.53,1.21,1.86
JUNIN,2020-03-29,3.0,1.01,6.99
JUNIN,2020-03-30,2.87,0.99,6.25
JUNIN,2020-03-31,2.77,1.01,5.83
JUNIN,2020-04-01,2.69,0.98,5.48
JUNIN,2020-04-02,2.9,1.09,5.63
JUNIN,2020-04-03,2.73,1.04,5.15
JUNIN,2020-04-04,2.61,1.04,4.8500000000000005
JUNIN,2020-04-05,2.5,1.02,4.6000000000000005
JUNIN,2020-04-06,2.6,1.09,4.61
JUNIN,2020-04-07,2.47,1.06,4.34
JUNIN,2020-04-08,2.67,1.22,4.48
JUNIN,2020-04-09,2.49,1.1300000000000001,4.11
JUNIN,2020-04-10,2.47,1.19,4.0200000000000005
JUNIN,2020-04-11,2.32,1.1300000000000001,3.7600000000000002
JUNIN,2020-04-12,2.21,1.07,3.54
JUNIN,2020-04-13,2.0300000000000002,0.98,3.29
JUNIN,2020-04-14,1.98,0.98,3.21
JUNIN,2020-04-15,1.92,0.9500000000000001,3.1
JUNIN,2020-04-16,2.07,1.08,3.23
JUNIN,2020-04-17,2.24,1.25,3.36
JUNIN,2020-04-18,2.2800000000000002,1.3,3.3000000000000003
JUNIN,2020-04-19,2.23,1.33,3.21
JUNIN,2020-04-20,2.18,1.31,3.0700000000000003
JUNIN,2020-04-21,2.0100000000000002,1.23,2.88
JUNIN,2020-04-22,1.8800000000000001,1.1500000000000001,2.71
JUNIN,2020-04-23,1.81,1.11,2.6
JUNIN,2020-04-24,1.78,1.1,2.5300000000000002
JUNIN,2020-04-25,1.75,1.1,2.48
JUNIN,2020-04-26,1.77,1.1300000000000001,2.46
JUNIN,2020-04-27,1.76,1.1400000000000001,2.42
JUNIN,2020-04-28,1.77,1.16,2.39
JUNIN,2020-04-29,1.76,1.21,2.4
JUNIN,2020-04-30,1.7,1.17,2.31
JUNIN,2020-05-01,1.69,1.1400000000000001,2.23
JUNIN,2020-05-02,1.6500000000000001,1.1300000000000001,2.18
JUNIN,2020-05-03,1.62,1.1400000000000001,2.16
JUNIN,2020-05-04,1.62,1.1400000000000001,2.12
JUNIN,2020-05-05,1.6,1.1500000000000001,2.1
JUNIN,2020-05-06,1.56,1.12,2.04
JUNIN,2020-05-07,1.56,1.1300000000000001,2.02
JUNIN,2020-05-08,1.53,1.1,1.96
JUNIN,2020-05-09,1.51,1.12,1.96
JUNIN,2020-05-10,1.47,1.06,1.87
JUNIN,2020-05-11,1.43,1.04,1.83
JUNIN,2020-05-12,1.3900000000000001,1.03,1.81
JUNIN,2020-05-13,1.35,0.99,1.75
JUNIN,2020-05-14,1.3,0.9500000000000001,1.7
LA LIBERTAD,2020-03-20,3.0,1.01,6.99
LA LIBERTAD,2020-03-21,2.87,0.99,6.25
LA LIBERTAD,2020-03-22,2.77,1.01,5.83
LA LIBERTAD,2020-03-23,2.69,0.98,5.48
LA LIBERTAD,2020-03-24,2.61,0.99,5.25
LA LIBERTAD,2020-03-25,2.5500000000000003,0.96,5.0200000000000005
LA LIBERTAD,2020-03-26,2.49,0.97,4.87
LA LIBERTAD,2020-03-27,2.44,0.97,4.73
LA LIBERTAD,2020-03-28,2.4,0.96,4.6000000000000005
LA LIBERTAD,2020-03-29,2.5500000000000003,1.04,4.73
LA LIBERTAD,2020-03-30,2.65,1.12,4.74
LA LIBERTAD,2020-03-31,2.69,1.17,4.63
LA LIBERTAD,2020-04-01,2.67,1.22,4.48
LA LIBERTAD,2020-04-02,2.62,1.26,4.3100000000000005
LA LIBERTAD,2020-04-03,2.44,1.16,3.95
LA LIBERTAD,2020-04-04,2.3000000000000003,1.11,3.71
LA LIBERTAD,2020-04-05,2.1,0.99,3.4
LA LIBERTAD,2020-04-06,2.11,1.06,3.41
LA LIBERTAD,2020-04-07,2.11,1.04,3.3000000000000003
LA LIBERTAD,2020-04-08,2.17,1.1500000000000001,3.35
LA LIBERTAD,2020-04-09,2.13,1.1300000000000001,3.22
LA LIBERTAD,2020-04-10,2.0300000000000002,1.1,3.08
LA LIBERTAD,2020-04-11,1.9000000000000001,1.01,2.88
LA LIBERTAD,2020-04-12,1.93,1.06,2.88
LA LIBERTAD,2020-04-13,1.9100000000000001,1.06,2.81
LA LIBERTAD,2020-04-14,1.96,1.16,2.86
LA LIBERTAD,2020-04-15,1.96,1.19,2.82
LA LIBERTAD,2020-04-16,1.87,1.1400000000000001,2.69
LA LIBERTAD,2020-04-17,1.78,1.09,2.57
LA LIBERTAD,2020-04-18,1.7,1.03,2.45
LA LIBERTAD,2020-04-19,1.71,1.06,2.44
LA LIBERTAD,2020-04-20,1.74,1.1,2.44
LA LIBERTAD,2020-04-21,1.84,1.22,2.52
LA LIBERTAD,2020-04-22,1.9000000000000001,1.28,2.52
LA LIBERTAD,2020-04-23,1.9100000000000001,1.33,2.5100000000000002
LA LIBERTAD,2020-04-24,1.87,1.32,2.44
LA LIBERTAD,2020-04-25,1.82,1.31,2.38
LA LIBERTAD,2020-04-26,1.74,1.26,2.2800000000000002
LA LIBERTAD,2020-04-27,1.67,1.21,2.19
LA LIBERTAD,2020-04-28,1.59,1.1400000000000001,2.08
LA LIBERTAD,2020-04-29,1.57,1.1400000000000001,2.05
LA LIBERTAD,2020-04-30,1.56,1.1400000000000001,2.02
LA LIBERTAD,2020-05-01,1.6,1.18,2.0300000000000002
LA LIBERTAD,2020-05-02,1.6300000000000001,1.23,2.05
LA LIBERTAD,2020-05-03,1.67,1.28,2.07
LA LIBERTAD,2020-05-04,1.67,1.3,2.06
LA LIBERTAD,2020-05-05,1.6400000000000001,1.29,2.02
LA LIBERTAD,2020-05-06,1.6,1.26,1.96
LA LIBERTAD,2020-05-07,1.56,1.24,1.92
LA LIBERTAD,2020-05-08,1.52,1.19,1.84
LA LIBERTAD,2020-05-09,1.46,1.1500000000000001,1.78
LA LIBERTAD,2020-05-10,1.42,1.1300000000000001,1.75
LA LIBERTAD,2020-05-11,1.3800000000000001,1.09,1.69
LA LIBERTAD,2020-05-12,1.35,1.06,1.6500000000000001
LA LIBERTAD,2020-05-13,1.32,1.05,1.6300000000000001
LA LIBERTAD,2020-05-14,1.3,1.03,1.6
LAMBAYEQUE,2020-03-23,3.0,1.01,6.99
LAMBAYEQUE,2020-03-24,2.87,0.99,6.25
LAMBAYEQUE,2020-03-25,2.77,1.01,5.83
LAMBAYEQUE,2020-03-26,2.69,0.98,5.48
LAMBAYEQUE,2020-03-27,2.9,1.09,5.63
LAMBAYEQUE,2020-03-28,2.73,1.04,5.15
LAMBAYEQUE,2020-03-29,2.84,1.18,5.17
LAMBAYEQUE,2020-03-30,2.65,1.12,4.74
LAMBAYEQUE,2020-03-31,2.69,1.17,4.63
LAMBAYEQUE,2020-04-01,2.52,1.1400000000000001,4.32
LAMBAYEQUE,2020-04-02,2.52,1.1500000000000001,4.18
LAMBAYEQUE,2020-04-03,2.75,1.35,4.3100000000000005
LAMBAYEQUE,2020-04-04,2.83,1.54,4.3100000000000005
LAMBAYEQUE,2020-04-05,2.8000000000000003,1.61,4.14
LAMBAYEQUE,2020-04-06,3.23,2.12,4.44
LAMBAYEQUE,2020-04-07,3.34,2.36,4.37
LAMBAYEQUE,2020-04-08,3.11,2.25,3.98
LAMBAYEQUE,2020-04-09,2.77,2.0,3.52
LAMBAYEQUE,2020-04-10,2.39,1.71,3.08
LAMBAYEQUE,2020-04-11,2.07,1.44,2.7
LAMBAYEQUE,2020-04-12,1.86,1.29,2.48
LAMBAYEQUE,2020-04-13,1.6300000000000001,1.1,2.23
LAMBAYEQUE,2020-04-14,1.71,1.18,2.27
LAMBAYEQUE,2020-04-15,1.76,1.26,2.31
LAMBAYEQUE,2020-04-16,1.79,1.32,2.33
LAMBAYEQUE,2020-04-17,1.76,1.3,2.2600000000000002
LAMBAYEQUE,2020-04-18,1.6600000000000001,1.23,2.15
LAMBAYEQUE,2020-04-19,1.57,1.1400000000000001,2.02
LAMBAYEQUE,2020-04-20,1.56,1.1500000000000001,2.0100000000000002
LAMBAYEQUE,2020-04-21,1.56,1.16,1.99
LAMBAYEQUE,2020-04-22,1.6,1.21,2.0100000000000002
LAMBAYEQUE,2020-04-23,1.81,1.44,2.21
LAMBAYEQUE,2020-04-24,1.96,1.6,2.32
LAMBAYEQUE,2020-04-25,2.02,1.69,2.37
LAMBAYEQUE,2020-04-26,2.0,1.68,2.31
LAMBAYEQUE,2020-04-27,1.8800000000000001,1.6,2.2
LAMBAYEQUE,2020-04-28,1.78,1.51,2.08
LAMBAYEQUE,2020-04-29,1.7,1.44,1.98
LAMBAYEQUE,2020-04-30,1.61,1.36,1.8800000000000001
LAMBAYEQUE,2020-05-01,1.57,1.34,1.84
LAMBAYEQUE,2020-05-02,1.54,1.31,1.79
LAMBAYEQUE,2020-05-03,1.49,1.28,1.75
LAMBAYEQUE,2020-05-04,1.44,1.22,1.67
LAMBAYEQUE,2020-05-05,1.4000000000000001,1.19,1.6300000000000001
LAMBAYEQUE,2020-05-06,1.3900000000000001,1.19,1.62
LAMBAYEQUE,2020-05-07,1.3800000000000001,1.18,1.6
LAMBAYEQUE,2020-05-08,1.35,1.1500000000000001,1.56
LAMBAYEQUE,2020-05-09,1.31,1.11,1.51
LAMBAYEQUE,2020-05-10,1.25,1.07,1.47
LAMBAYEQUE,2020-05-11,1.22,1.03,1.42
LAMBAYEQUE,2020-05-12,1.19,1.01,1.4000000000000001
LAMBAYEQUE,2020-05-13,1.17,0.98,1.36
LAMBAYEQUE,2020-05-14,1.16,0.98,1.36
LIMA,2020-03-07,3.0,1.01,6.99
LIMA,2020-03-08,2.77,1.01,5.83
LIMA,2020-03-09,2.61,0.99,5.25
LIMA,2020-03-10,2.49,0.98,4.88
LIMA,2020-03-11,2.61,1.04,4.8500000000000005
LIMA,2020-03-12,2.65,1.12,4.74
LIMA,2020-03-13,3.0100000000000002,1.41,4.98
LIMA,2020-03-14,2.96,1.47,4.68
LIMA,2020-03-15,2.97,1.61,4.5200000000000005
LIMA,2020-03-16,2.79,1.56,4.14
LIMA,2020-03-17,3.0100000000000002,1.8800000000000001,4.24
LIMA,2020-03-18,2.9,1.8800000000000001,3.96
LIMA,2020-03-19,2.75,1.86,3.71
LIMA,2020-03-20,2.58,1.79,3.45
LIMA,2020-03-21,2.34,1.61,3.11
LIMA,2020-03-22,2.1,1.42,2.8000000000000003
LIMA,2020-03-23,1.95,1.3,2.59
LIMA,2020-03-24,1.85,1.24,2.46
LIMA,2020-03-25,1.8800000000000001,1.33,2.5
LIMA,2020-03-26,1.85,1.32,2.43
LIMA,2020-03-27,1.9000000000000001,1.3800000000000001,2.43
LIMA,2020-03-28,1.9000000000000001,1.43,2.43
LIMA,2020-03-29,1.9000000000000001,1.44,2.38
LIMA,2020-03-30,1.96,1.54,2.43
LIMA,2020-03-31,1.94,1.53,2.36
LIMA,2020-04-01,1.94,1.56,2.34
LIMA,2020-04-02,1.8800000000000001,1.53,2.27
LIMA,2020-04-03,1.8900000000000001,1.57,2.27
LIMA,2020-04-04,1.92,1.59,2.24
LIMA,2020-04-05,1.96,1.6600000000000001,2.27
LIMA,2020-04-06,2.17,1.9000000000000001,2.47
LIMA,2020-04-07,2.36,2.11,2.63
LIMA,2020-04-08,2.42,2.2,2.67
LIMA,2020-04-09,2.41,2.21,2.64
LIMA,2020-04-10,2.27,2.09,2.48
LIMA,2020-04-11,2.2800000000000002,2.12,2.48
LIMA,2020-04-12,2.14,1.99,2.32
LIMA,2020-04-13,2.0300000000000002,1.8900000000000001,2.2
LIMA,2020-04-14,1.92,1.78,2.07
LIMA,2020-04-15,1.79,1.6600000000000001,1.93
LIMA,2020-04-16,1.6500000000000001,1.52,1.78
LIMA,2020-04-17,1.55,1.42,1.67
LIMA,2020-04-18,1.43,1.31,1.56
LIMA,2020-04-19,1.42,1.3,1.54
LIMA,2020-04-20,1.4000000000000001,1.29,1.53
LIMA,2020-04-21,1.42,1.31,1.54
LIMA,2020-04-22,1.43,1.31,1.53
LIMA,2020-04-23,1.47,1.37,1.59
LIMA,2020-04-24,1.5,1.3900000000000001,1.6
LIMA,2020-04-25,1.5,1.4000000000000001,1.61
LIMA,2020-04-26,1.49,1.3900000000000001,1.59
LIMA,2020-04-27,1.49,1.3900000000000001,1.58
LIMA,2020-04-28,1.49,1.4000000000000001,1.59
LIMA,2020-04-29,1.52,1.43,1.61
LIMA,2020-04-30,1.51,1.42,1.6
LIMA,2020-05-01,1.51,1.42,1.59
LIMA,2020-05-02,1.47,1.3900000000000001,1.56
LIMA,2020-05-03,1.44,1.35,1.51
LIMA,2020-05-04,1.43,1.35,1.51
LIMA,2020-05-05,1.43,1.36,1.52
LIMA,2020-05-06,1.45,1.37,1.52
LIMA,2020-05-07,1.45,1.3800000000000001,1.53
LIMA,2020-05-08,1.41,1.34,1.49
LIMA,2020-05-09,1.35,1.28,1.43
LIMA,2020-05-10,1.27,1.2,1.34
LIMA,2020-05-11,1.23,1.16,1.3
LIMA,2020-05-12,1.22,1.1500000000000001,1.29
LIMA,2020-05-13,1.24,1.17,1.31
LIMA,2020-05-14,1.26,1.2,1.34
LORETO,2020-03-18,3.0,1.01,6.99
LORETO,2020-03-19,2.37,0.89,4.88
LORETO,2020-03-20,2.24,0.87,4.44
LORETO,2020-03-21,1.99,0.78,3.92
LORETO,2020-03-22,1.95,0.76,3.77
LORETO,2020-03-23,1.8,0.7000000000000001,3.49
LORETO,2020-03-24,1.78,0.71,3.46
LORETO,2020-03-25,1.77,0.71,3.42
LORETO,2020-03-26,1.87,0.73,3.49
LORETO,2020-03-27,2.07,0.86,3.72
LORETO,2020-03-28,2.11,0.9400000000000001,3.72
LORETO,2020-03-29,2.23,1.02,3.74
LORETO,2020-03-30,2.2,1.06,3.62
LORETO,2020-03-31,2.07,1.0,3.37
LORETO,2020-04-01,1.98,0.99,3.22
LORETO,2020-04-02,1.96,0.98,3.11
LORETO,2020-04-03,2.0,1.06,3.12
LORETO,2020-04-04,2.19,1.25,3.2600000000000002
LORETO,2020-04-05,2.34,1.43,3.33
LORETO,2020-04-06,2.48,1.6300000000000001,3.39
LORETO,2020-04-07,2.44,1.67,3.27
LORETO,2020-04-08,2.29,1.6,3.06
LORETO,2020-04-09,2.0300000000000002,1.3900000000000001,2.73
LORETO,2020-04-10,1.75,1.1500000000000001,2.4
LORETO,2020-04-11,1.53,0.9500000000000001,2.13
LORETO,2020-04-12,1.4000000000000001,0.86,2.0
LORETO,2020-04-13,1.35,0.81,1.92
LORETO,2020-04-14,1.3900000000000001,0.85,1.95
LORETO,2020-04-15,1.44,0.92,2.0100000000000002
LORETO,2020-04-16,1.5,0.98,2.05
LORETO,2020-04-17,1.56,1.07,2.12
LORETO,2020-04-18,1.59,1.12,2.14
LORETO,2020-04-19,1.61,1.1300000000000001,2.11
LORETO,2020-04-20,1.59,1.1400000000000001,2.09
LORETO,2020-04-21,1.56,1.1,2.0100000000000002
LORETO,2020-04-22,1.49,1.05,1.93
LORETO,2020-04-23,1.43,1.02,1.8800000000000001
LORETO,2020-04-24,1.3900000000000001,0.99,1.83
LORETO,2020-04-25,1.37,0.98,1.8
LORETO,2020-04-26,1.37,0.97,1.77
LORETO,2020-04-27,1.43,1.06,1.85
LORETO,2020-04-28,1.55,1.19,1.96
LORETO,2020-04-29,1.7,1.35,2.09
LORETO,2020-04-30,1.77,1.42,2.12
LORETO,2020-05-01,1.76,1.45,2.12
LORETO,2020-05-02,1.6600000000000001,1.36,2.0
LORETO,2020-05-03,1.54,1.23,1.84
LORETO,2020-05-04,1.3900000000000001,1.11,1.71
LORETO,2020-05-05,1.3,1.01,1.59
LORETO,2020-05-06,1.25,0.97,1.54
LORETO,2020-05-07,1.24,0.98,1.55
LORETO,2020-05-08,1.23,0.97,1.53
LORETO,2020-05-09,1.23,0.96,1.51
LORETO,2020-05-10,1.22,0.9500000000000001,1.49
LORETO,2020-05-11,1.24,0.99,1.53
LORETO,2020-05-12,1.26,1.0,1.53
LORETO,2020-05-13,1.29,1.03,1.55
LORETO,2020-05-14,1.31,1.06,1.57
MADRE DE DIOS,2020-04-11,3.0,1.01,6.99
MADRE DE DIOS,2020-04-12,3.29,1.19,7.03
MADRE DE DIOS,2020-04-13,3.38,1.31,6.51
MADRE DE DIOS,2020-04-14,3.0,1.19,5.5200000000000005
MADRE DE DIOS,2020-04-15,2.77,1.16,5.01
MADRE DE DIOS,2020-04-16,2.6,1.09,4.61
MADRE DE DIOS,2020-04-17,2.31,0.9400000000000001,4.11
MADRE DE DIOS,2020-04-18,2.5500000000000003,1.1400000000000001,4.38
MADRE DE DIOS,2020-04-19,2.7,1.27,4.42
MADRE DE DIOS,2020-04-20,2.88,1.5,4.51
MADRE DE DIOS,2020-04-21,2.79,1.53,4.2700000000000005
MADRE DE DIOS,2020-04-22,2.43,1.29,3.72
MADRE DE DIOS,2020-04-23,2.19,1.16,3.39
MADRE DE DIOS,2020-04-24,1.96,0.99,3.0500000000000003
MADRE DE DIOS,2020-04-25,1.79,0.92,2.87
MADRE DE DIOS,2020-04-26,1.76,0.9,2.8000000000000003
MADRE DE DIOS,2020-04-27,1.73,0.86,2.71
MADRE DE DIOS,2020-04-28,1.75,0.91,2.74
MADRE DE DIOS,2020-04-29,1.72,0.88,2.66
MADRE DE DIOS,2020-04-30,1.69,0.88,2.62
MADRE DE DIOS,2020-05-01,1.67,0.86,2.56
MADRE DE DIOS,2020-05-02,1.6,0.85,2.5100000000000002
MADRE DE DIOS,2020-05-03,1.51,0.75,2.35
MADRE DE DIOS,2020-05-04,1.5,0.78,2.37
MADRE DE DIOS,2020-05-05,1.5,0.79,2.37
MADRE DE DIOS,2020-05-06,1.49,0.76,2.32
MADRE DE DIOS,2020-05-07,1.55,0.8200000000000001,2.39
MADRE DE DIOS,2020-05-08,1.57,0.85,2.41
MADRE DE DIOS,2020-05-09,1.55,0.8300000000000001,2.36
MADRE DE DIOS,2020-05-10,1.54,0.84,2.35
MADRE DE DIOS,2020-05-11,1.52,0.85,2.34
MADRE DE DIOS,2020-05-12,1.51,0.8200000000000001,2.2800000000000002
MADRE DE DIOS,2020-05-13,1.47,0.77,2.2
MADRE DE DIOS,2020-05-14,1.46,0.8,2.22
MOQUEGUA,2020-04-06,3.0,1.01,6.99
MOQUEGUA,2020-04-07,2.87,0.99,6.25
MOQUEGUA,2020-04-08,2.77,1.01,5.83
MOQUEGUA,2020-04-09,2.69,0.98,5.48
MOQUEGUA,2020-04-10,2.61,0.99,5.25
MOQUEGUA,2020-04-11,2.81,1.11,5.42
MOQUEGUA,2020-04-12,2.67,1.05,5.0
MOQUEGUA,2020-04-13,2.5500000000000003,1.04,4.73
MOQUEGUA,2020-04-14,2.46,0.99,4.47
MOQUEGUA,2020-04-15,2.5500000000000003,1.06,4.49
MOQUEGUA,2020-04-16,2.43,1.04,4.25
MOQUEGUA,2020-04-17,2.34,1.04,4.08
MOQUEGUA,2020-04-18,2.25,0.99,3.88
MOQUEGUA,2020-04-19,2.19,0.98,3.75
MOQUEGUA,2020-04-20,2.23,1.01,3.73
MOQUEGUA,2020-04-21,2.16,1.02,3.62
MOQUEGUA,2020-04-22,2.18,1.03,3.56
MOQUEGUA,2020-04-23,2.19,1.08,3.5300000000000002
MOQUEGUA,2020-04-24,2.2600000000000002,1.1400000000000001,3.52
MOQUEGUA,2020-04-25,2.22,1.16,3.42
MOQUEGUA,2020-04-26,2.17,1.18,3.33
MOQUEGUA,2020-04-27,2.07,1.11,3.13
MOQUEGUA,2020-04-28,1.98,1.07,2.99
MOQUEGUA,2020-04-29,1.86,0.98,2.8000000000000003
MOQUEGUA,2020-04-30,1.76,0.96,2.71
MOQUEGUA,2020-05-01,1.6500000000000001,0.85,2.52
MOQUEGUA,2020-05-02,1.62,0.86,2.5
MOQUEGUA,2020-05-03,1.57,0.8300000000000001,2.43
MOQUEGUA,2020-05-04,1.55,0.84,2.42
MOQUEGUA,2020-05-05,1.54,0.81,2.36
MOQUEGUA,2020-05-06,1.56,0.84,2.38
MOQUEGUA,2020-05-07,1.54,0.85,2.37
MOQUEGUA,2020-05-08,1.53,0.8300000000000001,2.32
MOQUEGUA,2020-05-09,1.48,0.8,2.2600000000000002
MOQUEGUA,2020-05-10,1.44,0.79,2.23
MOQUEGUA,2020-05-11,1.41,0.77,2.19
MOQUEGUA,2020-05-12,1.37,0.74,2.14
MOQUEGUA,2020-05-13,1.34,0.6900000000000001,2.07
MOQUEGUA,2020-05-14,1.34,0.7000000000000001,2.08
PASCO,2020-04-17,3.0,1.01,6.99
PASCO,2020-04-18,3.29,1.19,7.03
PASCO,2020-04-19,3.8200000000000003,1.53,7.09
PASCO,2020-04-20,3.5,1.51,6.03
PASCO,2020-04-21,3.46,1.6500000000000001,5.62
PASCO,2020-04-22,2.95,1.44,4.78
PASCO,2020-04-23,2.7800000000000002,1.4000000000000001,4.41
PASCO,2020-04-24,2.5300000000000002,1.29,4.0
PASCO,2020-04-25,2.35,1.2,3.69
PASCO,2020-04-26,2.22,1.16,3.49
PASCO,2020-04-27,2.11,1.08,3.27
PASCO,2020-04-28,2.02,1.04,3.12
PASCO,2020-04-29,1.95,1.03,3.02
PASCO,2020-04-30,1.99,1.09,3.0300000000000002
PASCO,2020-05-01,2.02,1.12,2.99
PASCO,2020-05-02,1.98,1.1400000000000001,2.93
PASCO,2020-05-03,1.9000000000000001,1.07,2.77
PASCO,2020-05-04,1.76,1.01,2.63
PASCO,2020-05-05,1.58,0.84,2.37
PASCO,2020-05-06,1.5,0.81,2.3000000000000003
PASCO,2020-05-07,1.43,0.75,2.2
PASCO,2020-05-08,1.42,0.75,2.19
PASCO,2020-05-09,1.42,0.74,2.17
PASCO,2020-05-10,1.41,0.74,2.16
PASCO,2020-05-11,1.41,0.73,2.14
PASCO,2020-05-12,1.4000000000000001,0.77,2.18
PASCO,2020-05-13,1.4000000000000001,0.76,2.16
PASCO,2020-05-14,1.37,0.73,2.11
PIURA,2020-03-30,3.0,1.01,6.99
PIURA,2020-03-31,2.87,0.99,6.25
PIURA,2020-04-01,2.77,1.01,5.83
PIURA,2020-04-02,2.69,0.98,5.48
PIURA,2020-04-03,2.61,0.99,5.25
PIURA,2020-04-04,2.5500000000000003,0.96,5.0200000000000005
PIURA,2020-04-05,2.49,0.97,4.87
PIURA,2020-04-06,2.67,1.05,5.0
PIURA,2020-04-07,2.77,1.16,5.01
PIURA,2020-04-08,3.0100000000000002,1.33,5.09
PIURA,2020-04-09,3.25,1.61,5.16
PIURA,2020-04-10,3.25,1.74,4.91
PIURA,2020-04-11,3.12,1.76,4.55
PIURA,2020-04-12,3.38,2.16,4.65
PIURA,2020-04-13,3.14,2.09,4.24
PIURA,2020-04-14,2.87,1.97,3.86
PIURA,2020-04-15,2.5500000000000003,1.72,3.4
PIURA,2020-04-16,2.36,1.6,3.13
PIURA,2020-04-17,2.2800000000000002,1.57,2.98
PIURA,2020-04-18,2.19,1.56,2.87
PIURA,2020-04-19,2.06,1.47,2.69
PIURA,2020-04-20,2.0100000000000002,1.47,2.62
PIURA,2020-04-21,1.9000000000000001,1.3800000000000001,2.46
PIURA,2020-04-22,1.75,1.25,2.27
PIURA,2020-04-23,1.68,1.21,2.19
PIURA,2020-04-24,1.7,1.24,2.18
PIURA,2020-04-25,1.73,1.28,2.18
PIURA,2020-04-26,1.79,1.36,2.22
PIURA,2020-04-27,1.82,1.42,2.24
PIURA,2020-04-28,1.85,1.47,2.25
PIURA,2020-04-29,1.8900000000000001,1.54,2.2800000000000002
PIURA,2020-04-30,1.86,1.53,2.23
PIURA,2020-05-01,1.81,1.49,2.15
PIURA,2020-05-02,1.76,1.47,2.1
PIURA,2020-05-03,1.6500000000000001,1.37,1.97
PIURA,2020-05-04,1.57,1.3,1.8800000000000001
PIURA,2020-05-05,1.55,1.29,1.85
PIURA,2020-05-06,1.51,1.25,1.79
PIURA,2020-05-07,1.5,1.25,1.77
PIURA,2020-05-08,1.47,1.23,1.74
PIURA,2020-05-09,1.4000000000000001,1.16,1.6500000000000001
PIURA,2020-05-10,1.34,1.11,1.59
PIURA,2020-05-11,1.29,1.06,1.53
PIURA,2020-05-12,1.24,1.03,1.5
PIURA,2020-05-13,1.25,1.03,1.49
PIURA,2020-05-14,1.25,1.03,1.48
PUNO,2020-04-17,3.0,1.01,6.99
PUNO,2020-04-18,2.87,0.99,6.25
PUNO,2020-04-19,2.77,1.01,5.83
PUNO,2020-04-20,3.0,1.12,5.96
PUNO,2020-04-21,3.11,1.25,5.8100000000000005
PUNO,2020-04-22,3.09,1.32,5.48
PUNO,2020-04-23,3.46,1.6500000000000001,5.62
PUNO,2020-04-24,3.47,1.82,5.32
PUNO,2020-04-25,3.0500000000000003,1.6600000000000001,4.65
PUNO,2020-04-26,2.7800000000000002,1.52,4.16
PUNO,2020-04-27,2.42,1.3,3.65
PUNO,2020-04-28,2.18,1.18,3.34
PUNO,2020-04-29,2.07,1.11,3.14
PUNO,2020-04-30,1.93,1.05,2.97
PUNO,2020-05-01,1.92,1.05,2.9
PUNO,2020-05-02,1.86,1.04,2.82
PUNO,2020-05-03,1.76,0.97,2.67
PUNO,2020-05-04,1.69,0.93,2.57
PUNO,2020-05-05,1.62,0.89,2.48
PUNO,2020-05-06,1.56,0.85,2.4
PUNO,2020-05-07,1.55,0.8300000000000001,2.35
PUNO,2020-05-08,1.5,0.81,2.3000000000000003
PUNO,2020-05-09,1.49,0.8,2.27
PUNO,2020-05-10,1.45,0.79,2.24
PUNO,2020-05-11,1.44,0.77,2.2
PUNO,2020-05-12,1.46,0.81,2.24
PUNO,2020-05-13,1.45,0.79,2.2
PUNO,2020-05-14,1.47,0.81,2.21
SAN MARTIN,2020-04-06,3.0,1.01,6.99
SAN MARTIN,2020-04-07,2.87,0.99,6.25
SAN MARTIN,2020-04-08,2.77,1.01,5.83
SAN MARTIN,2020-04-09,3.0,1.12,5.96
SAN MARTIN,2020-04-10,2.81,1.11,5.42
SAN MARTIN,2020-04-11,2.92,1.21,5.36
SAN MARTIN,2020-04-12,2.5,1.02,4.6000000000000005
SAN MARTIN,2020-04-13,2.6,1.09,4.61
SAN MARTIN,2020-04-14,2.64,1.16,4.54
SAN MARTIN,2020-04-15,2.63,1.22,4.42
SAN MARTIN,2020-04-16,2.87,1.4000000000000001,4.5
SAN MARTIN,2020-04-17,2.81,1.48,4.32
SAN MARTIN,2020-04-18,2.72,1.5,4.09
SAN MARTIN,2020-04-19,2.46,1.33,3.66
SAN MARTIN,2020-04-20,2.15,1.17,3.29
SAN MARTIN,2020-04-21,1.99,1.08,3.0700000000000003
SAN MARTIN,2020-04-22,1.87,1.01,2.9
SAN MARTIN,2020-04-23,1.68,0.88,2.66
SAN MARTIN,2020-04-24,1.75,0.93,2.7
SAN MARTIN,2020-04-25,1.8,1.0,2.75
SAN MARTIN,2020-04-26,1.8800000000000001,1.08,2.8000000000000003
SAN MARTIN,2020-04-27,1.93,1.1500000000000001,2.82
SAN MARTIN,2020-04-28,1.96,1.19,2.79
SAN MARTIN,2020-04-29,1.94,1.21,2.74
SAN MARTIN,2020-04-30,1.8900000000000001,1.2,2.66
SAN MARTIN,2020-05-01,1.79,1.1300000000000001,2.52
SAN MARTIN,2020-05-02,1.7,1.08,2.41
SAN MARTIN,2020-05-03,1.62,1.01,2.29
SAN MARTIN,2020-05-04,1.54,0.96,2.2
SAN MARTIN,2020-05-05,1.5,0.93,2.14
SAN MARTIN,2020-05-06,1.53,0.98,2.17
SAN MARTIN,2020-05-07,1.58,1.01,2.17
SAN MARTIN,2020-05-08,1.6500000000000001,1.12,2.2600000000000002
SAN MARTIN,2020-05-09,1.6600000000000001,1.1300000000000001,2.23
SAN MARTIN,2020-05-10,1.6300000000000001,1.12,2.18
SAN MARTIN,2020-05-11,1.55,1.04,2.06
SAN MARTIN,2020-05-12,1.47,0.98,1.97
SAN MARTIN,2020-05-13,1.3800000000000001,0.93,1.9000000000000001
SAN MARTIN,2020-05-14,1.35,0.89,1.84
TACNA,2020-04-15,3.0,1.01,6.99
TACNA,2020-04-16,3.29,1.19,7.03
TACNA,2020-04-17,3.8200000000000003,1.53,7.09
TACNA,2020-04-18,3.5,1.51,6.03
TACNA,2020-04-19,3.0100000000000002,1.33,5.09
TACNA,2020-04-20,2.72,1.26,4.59
TACNA,2020-04-21,2.52,1.16,4.19
TACNA,2020-04-22,2.37,1.08,3.89
TACNA,2020-04-23,2.2600000000000002,1.04,3.68
TACNA,2020-04-24,2.16,1.05,3.56
TACNA,2020-04-25,2.17,1.08,3.5100000000000002
TACNA,2020-04-26,2.0100000000000002,1.0,3.2800000000000002
TACNA,2020-04-27,2.0300000000000002,1.01,3.23
TACNA,2020-04-28,2.0300000000000002,1.05,3.21
TACNA,2020-04-29,2.09,1.1,3.2
TACNA,2020-04-30,2.11,1.18,3.21
TACNA,2020-05-01,2.07,1.17,3.1
TACNA,2020-05-02,1.93,1.09,2.91
TACNA,2020-05-03,1.82,1.01,2.74
TACNA,2020-05-04,1.69,0.92,2.57
TACNA,2020-05-05,1.6300000000000001,0.89,2.49
TACNA,2020-05-06,1.57,0.86,2.42
TACNA,2020-05-07,1.55,0.84,2.37
TACNA,2020-05-08,1.54,0.85,2.36
TACNA,2020-05-09,1.49,0.8200000000000001,2.3000000000000003
TACNA,2020-05-10,1.45,0.78,2.23
TACNA,2020-05-11,1.41,0.76,2.19
TACNA,2020-05-12,1.41,0.76,2.18
TACNA,2020-05-13,1.3800000000000001,0.73,2.13
TACNA,2020-05-14,1.37,0.71,2.1
TUMBES,2020-03-24,3.0,1.01,6.99
TUMBES,2020-03-27,2.77,1.01,5.83
TUMBES,2020-03-28,2.37,0.89,4.88
TUMBES,2020-03-29,2.32,0.8300000000000001,4.65
TUMBES,2020-03-30,2.2800000000000002,0.88,4.57
TUMBES,2020-03-31,2.44,0.97,4.73
TUMBES,2020-04-01,2.35,0.9500000000000001,4.48
TUMBES,2020-04-02,2.2800000000000002,0.9400000000000001,4.29
TUMBES,2020-04-03,2.22,0.87,4.0600000000000005
TUMBES,2020-04-04,2.31,0.99,4.17
TUMBES,2020-04-05,2.22,0.9500000000000001,3.95
TUMBES,2020-04-06,2.0300000000000002,0.87,3.65
TUMBES,2020-04-07,2.0,0.84,3.54
TUMBES,2020-04-08,1.86,0.76,3.3200000000000003
TUMBES,2020-04-09,2.05,0.91,3.58
TUMBES,2020-04-10,2.32,1.08,3.8200000000000003
TUMBES,2020-04-11,2.4,1.19,3.83
TUMBES,2020-04-12,2.33,1.2,3.67
TUMBES,2020-04-13,2.2600000000000002,1.17,3.48
TUMBES,2020-04-14,2.0,1.04,3.16
TUMBES,2020-04-15,1.87,0.96,2.96
TUMBES,2020-04-16,1.6600000000000001,0.8300000000000001,2.7
TUMBES,2020-04-17,1.95,1.06,3.0
TUMBES,2020-04-18,2.13,1.22,3.12
TUMBES,2020-04-19,2.2800000000000002,1.42,3.24
TUMBES,2020-04-20,2.23,1.41,3.1
TUMBES,2020-04-21,2.08,1.32,2.89
TUMBES,2020-04-22,1.87,1.18,2.65
TUMBES,2020-04-23,1.69,1.04,2.43
TUMBES,2020-04-24,1.5,0.89,2.21
TUMBES,2020-04-25,1.46,0.86,2.15
TUMBES,2020-04-26,1.43,0.8300000000000001,2.09
TUMBES,2020-04-27,1.43,0.86,2.11
TUMBES,2020-04-28,1.44,0.86,2.09
TUMBES,2020-04-29,1.49,0.92,2.14
TUMBES,2020-04-30,1.49,0.9,2.09
TUMBES,2020-05-01,1.49,0.93,2.1
TUMBES,2020-05-02,1.43,0.89,2.0300000000000002
TUMBES,2020-05-03,1.4000000000000001,0.87,1.99
TUMBES,2020-05-04,1.44,0.92,2.0300000000000002
TUMBES,2020-05-05,1.48,0.97,2.06
TUMBES,2020-05-06,1.51,1.0,2.07
TUMBES,2020-05-07,1.51,1.01,2.05
TUMBES,2020-05-08,1.46,0.97,1.98
TUMBES,2020-05-09,1.3800000000000001,0.92,1.9100000000000001
TUMBES,2020-05-10,1.32,0.87,1.84
TUMBES,2020-05-11,1.28,0.8200000000000001,1.77
TUMBES,2020-05-12,1.29,0.84,1.78
TUMBES,2020-05-13,1.31,0.85,1.78
TUMBES,2020-05-14,1.33,0.88,1.8
UCAYALI,2020-04-11,3.0,1.01,6.99
UCAYALI,2020-04-12,2.5500000000000003,0.97,5.03
UCAYALI,2020-04-13,2.32,0.92,4.3500000000000005
UCAYALI,2020-04-14,2.31,0.9400000000000001,4.11
UCAYALI,2020-04-15,2.2800000000000002,1.02,3.96
UCAYALI,2020-04-16,2.35,1.12,3.9
UCAYALI,2020-04-17,2.36,1.1500000000000001,3.73
UCAYALI,2020-04-18,2.41,1.28,3.69
UCAYALI,2020-04-19,2.4,1.36,3.58
UCAYALI,2020-04-20,2.36,1.37,3.4
UCAYALI,2020-04-21,2.3000000000000003,1.42,3.29
UCAYALI,2020-04-22,2.19,1.35,3.06
UCAYALI,2020-04-23,2.24,1.48,3.08
UCAYALI,2020-04-24,2.21,1.48,2.95
UCAYALI,2020-04-25,2.11,1.45,2.81
UCAYALI,2020-04-26,2.08,1.47,2.74
UCAYALI,2020-04-27,2.0300000000000002,1.46,2.64
UCAYALI,2020-04-28,2.07,1.53,2.63
UCAYALI,2020-04-29,2.1,1.61,2.64
UCAYALI,2020-04-30,2.06,1.59,2.54
UCAYALI,2020-05-01,2.02,1.6,2.49
UCAYALI,2020-05-02,1.9000000000000001,1.48,2.31
UCAYALI,2020-05-03,1.75,1.37,2.16
UCAYALI,2020-05-04,1.61,1.24,1.99
UCAYALI,2020-05-05,1.52,1.18,1.9100000000000001
UCAYALI,2020-05-06,1.47,1.12,1.82
UCAYALI,2020-05-07,1.43,1.09,1.77
UCAYALI,2020-05-08,1.3900000000000001,1.08,1.75
UCAYALI,2020-05-09,1.3800000000000001,1.06,1.71
UCAYALI,2020-05-10,1.34,1.05,1.69
UCAYALI,2020-05-11,1.33,1.02,1.6400000000000001
UCAYALI,2020-05-12,1.31,1.01,1.62
UCAYALI,2020-05-13,1.29,1.0,1.6
UCAYALI,2020-05-14,1.27,0.99,1.58
